{"openapi":"3.0.1","info":{"title":"POD_BookingSystem","description":"An online office booking support system. Providing diverse services and comfortable spaces for users to choose and book an effective working space.","version":"v1.0.0"},"servers":[{"url":"http://14.225.206.250:8080/POD_BookingSystem","description":"Generated server url"}],"paths":{"/slots/{id}":{"get":{"tags":["slot-controller"],"operationId":"getBuilding","parameters":[{"name":"id","in":"path","required":true,"schema":{"type":"string"}}],"responses":{"200":{"description":"OK","content":{"*/*":{"schema":{"$ref":"#/components/schemas/ApiResponseSlot"}}}}}},"put":{"tags":["slot-controller"],"operationId":"updateRoom","parameters":[{"name":"id","in":"path","required":true,"schema":{"type":"string"}}],"requestBody":{"content":{"application/json":{"schema":{"$ref":"#/components/schemas/UpdateSlotRequest"}}},"required":true},"responses":{"200":{"description":"OK","content":{"*/*":{"schema":{"$ref":"#/components/schemas/ApiResponseSlotResponse"}}}}}},"delete":{"tags":["slot-controller"],"operationId":"deleteRoom_1","parameters":[{"name":"id","in":"path","required":true,"schema":{"type":"string"}}],"responses":{"200":{"description":"OK","content":{"*/*":{"schema":{"$ref":"#/components/schemas/ApiResponseVoid"}}}}}}},"/services/{id}":{"put":{"tags":["service-controller"],"operationId":"updateRoom_1","parameters":[{"name":"id","in":"path","required":true,"schema":{"type":"string"}}],"requestBody":{"content":{"application/json":{"schema":{"$ref":"#/components/schemas/UpdateServiceRequest"}}},"required":true},"responses":{"200":{"description":"OK","content":{"*/*":{"schema":{"$ref":"#/components/schemas/ApiResponseServiceResponse"}}}}}},"delete":{"tags":["service-controller"],"operationId":"deleteRoom_2","parameters":[{"name":"id","in":"path","required":true,"schema":{"type":"string"}}],"responses":{"200":{"description":"OK","content":{"*/*":{"schema":{"$ref":"#/components/schemas/ApiResponseVoid"}}}}}}},"/rooms/{id}":{"put":{"tags":["room-controller"],"operationId":"updateRoom_2","parameters":[{"name":"id","in":"path","required":true,"schema":{"type":"string"}}],"requestBody":{"content":{"application/json":{"schema":{"$ref":"#/components/schemas/UpdateRoomRequest"}}},"required":true},"responses":{"200":{"description":"OK","content":{"*/*":{"schema":{"$ref":"#/components/schemas/ApiResponseRoomResponse"}}}}}},"post":{"tags":["room-controller"],"operationId":"addServiceToRoom","parameters":[{"name":"id","in":"path","required":true,"schema":{"type":"string"}}],"requestBody":{"content":{"application/json":{"schema":{"$ref":"#/components/schemas/AddServiceRequest"}}},"required":true},"responses":{"200":{"description":"OK","content":{"*/*":{"schema":{"$ref":"#/components/schemas/ApiResponseVoid"}}}}}},"delete":{"tags":["room-controller"],"operationId":"deleteRoom_3","parameters":[{"name":"id","in":"path","required":true,"schema":{"type":"string"}}],"responses":{"200":{"description":"OK","content":{"*/*":{"schema":{"$ref":"#/components/schemas/ApiResponseVoid"}}}}}}},"/buildings/{id}":{"put":{"tags":["building-controller"],"operationId":"updateBuilding","parameters":[{"name":"id","in":"path","required":true,"schema":{"type":"string"}}],"requestBody":{"content":{"application/json":{"schema":{"$ref":"#/components/schemas/UpdateBuildingRequest"}}},"required":true},"responses":{"200":{"description":"OK","content":{"*/*":{"schema":{"$ref":"#/components/schemas/ApiResponseBuildingResponse"}}}}}},"delete":{"tags":["building-controller"],"operationId":"deleteBuilding","parameters":[{"name":"id","in":"path","required":true,"schema":{"type":"string"}}],"responses":{"200":{"description":"OK","content":{"*/*":{"schema":{"$ref":"#/components/schemas/ApiResponseVoid"}}}}}}},"/api/users/{userId}":{"get":{"tags":["user-controller"],"operationId":"getUser","parameters":[{"name":"userId","in":"path","required":true,"schema":{"type":"string"}}],"responses":{"200":{"description":"OK","content":{"*/*":{"schema":{"$ref":"#/components/schemas/ApiResponseUserResponse"}}}}}},"put":{"tags":["user-controller"],"operationId":"updateUser","parameters":[{"name":"userId","in":"path","required":true,"schema":{"type":"string"}}],"requestBody":{"content":{"application/json":{"schema":{"$ref":"#/components/schemas/UserUpdateRequest"}}},"required":true},"responses":{"200":{"description":"OK","content":{"*/*":{"schema":{"$ref":"#/components/schemas/ApiResponseUserResponse"}}}}}},"delete":{"tags":["user-controller"],"operationId":"deleteUser","parameters":[{"name":"userId","in":"path","required":true,"schema":{"type":"string"}}],"responses":{"200":{"description":"OK","content":{"*/*":{"schema":{"$ref":"#/components/schemas/ApiResponseString"}}}}}}},"/staffBuilding":{"get":{"tags":["staff-building-controller"],"operationId":"getStaffBuildings","responses":{"200":{"description":"OK","content":{"*/*":{"schema":{"$ref":"#/components/schemas/ApiResponseListStaffBuildingResponse"}}}}}},"post":{"tags":["staff-building-controller"],"operationId":"createStaffBuilding","requestBody":{"content":{"application/json":{"schema":{"$ref":"#/components/schemas/StaffBuildingRequest"}}},"required":true},"responses":{"200":{"description":"OK","content":{"*/*":{"schema":{"$ref":"#/components/schemas/ApiResponseStaffBuildingResponse"}}}}}}},"/slots":{"get":{"tags":["slot-controller"],"operationId":"getBuildings","responses":{"200":{"description":"OK","content":{"*/*":{"schema":{"$ref":"#/components/schemas/ApiResponseListSlotResponse"}}}}}},"post":{"tags":["slot-controller"],"operationId":"createSlot","requestBody":{"content":{"application/json":{"schema":{"$ref":"#/components/schemas/CreateSlotRequest"}}},"required":true},"responses":{"200":{"description":"OK","content":{"*/*":{"schema":{"$ref":"#/components/schemas/ApiResponseSlotResponse"}}}}}}},"/services":{"get":{"tags":["service-controller"],"operationId":"getBuildings_1","responses":{"200":{"description":"OK","content":{"*/*":{"schema":{"$ref":"#/components/schemas/ApiResponseListServiceResponse"}}}}}},"post":{"tags":["service-controller"],"operationId":"createService","requestBody":{"content":{"application/json":{"schema":{"$ref":"#/components/schemas/CreateServiceRequest"}}},"required":true},"responses":{"200":{"description":"OK","content":{"*/*":{"schema":{"$ref":"#/components/schemas/ApiResponseServiceResponse"}}}}}}},"/rooms":{"get":{"tags":["room-controller"],"operationId":"getRooms","responses":{"200":{"description":"OK","content":{"*/*":{"schema":{"$ref":"#/components/schemas/ApiResponseListRoomResponse"}}}}}},"post":{"tags":["room-controller"],"operationId":"createRoom","requestBody":{"content":{"application/json":{"schema":{"$ref":"#/components/schemas/CreateRoomRequest"}}},"required":true},"responses":{"200":{"description":"OK","content":{"*/*":{"schema":{"$ref":"#/components/schemas/ApiResponseRoomResponse"}}}}}}},"/room-types":{"get":{"tags":["room-type-controller"],"operationId":"getAllRoomType","responses":{"200":{"description":"OK","content":{"*/*":{"schema":{"$ref":"#/components/schemas/ApiResponseListRoomTypeResponse"}}}}}},"post":{"tags":["room-type-controller"],"operationId":"createRoomType","requestBody":{"content":{"application/json":{"schema":{"$ref":"#/components/schemas/CreateRoomTypeRequest"}}},"required":true},"responses":{"200":{"description":"OK","content":{"*/*":{"schema":{"$ref":"#/components/schemas/ApiResponseRoomTypeResponse"}}}}}}},"/buildings":{"get":{"tags":["building-controller"],"operationId":"getBuildings_2","responses":{"200":{"description":"OK","content":{"*/*":{"schema":{"$ref":"#/components/schemas/ApiResponseListBuildingResponse"}}}}}},"post":{"tags":["building-controller"],"operationId":"createBuilding","requestBody":{"content":{"application/json":{"schema":{"$ref":"#/components/schemas/CreateBuildingRequest"}}},"required":true},"responses":{"200":{"description":"OK","content":{"*/*":{"schema":{"$ref":"#/components/schemas/ApiResponseBuildingResponse"}}}}}}},"/api/users":{"get":{"tags":["user-controller"],"operationId":"getUsers","responses":{"200":{"description":"OK","content":{"*/*":{"schema":{"$ref":"#/components/schemas/ApiResponseListUserResponse"}}}}}},"post":{"tags":["user-controller"],"operationId":"createUser","requestBody":{"content":{"application/json":{"schema":{"$ref":"#/components/schemas/UserCreationRequest"}}},"required":true},"responses":{"200":{"description":"OK","content":{"*/*":{"schema":{"$ref":"#/components/schemas/ApiResponseUserResponse"}}}}}}},"/api/roles":{"post":{"tags":["role-controller"],"operationId":"createUser_1","requestBody":{"content":{"application/json":{"schema":{"$ref":"#/components/schemas/RoleRequest"}}},"required":true},"responses":{"200":{"description":"OK","content":{"*/*":{"schema":{"$ref":"#/components/schemas/ApiResponseRole"}}}}}}},"/api/auth/log-out":{"post":{"tags":["authentication-controller"],"operationId":"authenticate","requestBody":{"content":{"application/json":{"schema":{"$ref":"#/components/schemas/LogoutRequest"}}},"required":true},"responses":{"200":{"description":"OK","content":{"*/*":{"schema":{"$ref":"#/components/schemas/ApiResponseVoid"}}}}}}},"/api/auth/log-in":{"post":{"tags":["authentication-controller"],"operationId":"authenticate_1","requestBody":{"content":{"application/json":{"schema":{"$ref":"#/components/schemas/AuthenticationRequest"}}},"required":true},"responses":{"200":{"description":"OK","content":{"*/*":{"schema":{"$ref":"#/components/schemas/ApiResponseAuthenticationResponse"}}}}}}},"/api/auth/introspect":{"post":{"tags":["authentication-controller"],"operationId":"authenticate_2","requestBody":{"content":{"application/json":{"schema":{"$ref":"#/components/schemas/IntrospectRequest"}}},"required":true},"responses":{"200":{"description":"OK","content":{"*/*":{"schema":{"$ref":"#/components/schemas/ApiResponseIntrospectResponse"}}}}}}},"/staffBuilding/building/{id}":{"get":{"tags":["staff-building-controller"],"operationId":"getRoomByBuilding","parameters":[{"name":"id","in":"path","required":true,"schema":{"type":"string"}}],"responses":{"200":{"description":"OK","content":{"*/*":{"schema":{"$ref":"#/components/schemas/ApiResponseListStaffBuildingResponse"}}}}}}},"/services/{name}":{"get":{"tags":["service-controller"],"operationId":"getBuilding_1","parameters":[{"name":"name","in":"path","required":true,"schema":{"type":"string"}}],"responses":{"200":{"description":"OK","content":{"*/*":{"schema":{"$ref":"#/components/schemas/ApiResponseListServiceResponse"}}}}}}},"/rooms/type/{id}":{"get":{"tags":["room-controller"],"operationId":"getRoomByType","parameters":[{"name":"id","in":"path","required":true,"schema":{"type":"string"}}],"responses":{"200":{"description":"OK","content":{"*/*":{"schema":{"$ref":"#/components/schemas/ApiResponseListRoomResponse"}}}}}}},"/rooms/status":{"get":{"tags":["room-controller"],"operationId":"getRoomByStatus","responses":{"200":{"description":"OK","content":{"*/*":{"schema":{"$ref":"#/components/schemas/ApiResponseListRoomResponse"}}}}}}},"/rooms/name/{name}":{"get":{"tags":["room-controller"],"operationId":"getRoom","parameters":[{"name":"name","in":"path","required":true,"schema":{"type":"string"}}],"responses":{"200":{"description":"OK","content":{"*/*":{"schema":{"$ref":"#/components/schemas/ApiResponseListRoomResponse"}}}}}}},"/rooms/building/{id}":{"get":{"tags":["room-controller"],"operationId":"getRoomByBuilding_1","parameters":[{"name":"id","in":"path","required":true,"schema":{"type":"string"}}],"responses":{"200":{"description":"OK","content":{"*/*":{"schema":{"$ref":"#/components/schemas/ApiResponseListRoomResponse"}}}}}}},"/buildings/{name}":{"get":{"tags":["building-controller"],"operationId":"getBuilding_2","parameters":[{"name":"name","in":"path","required":true,"schema":{"type":"string"}}],"responses":{"200":{"description":"OK","content":{"*/*":{"schema":{"$ref":"#/components/schemas/ApiResponseListBuildingResponse"}}}}}}},"/buildings/location/{name}":{"get":{"tags":["building-controller"],"operationId":"getBuildingByLocation","parameters":[{"name":"name","in":"path","required":true,"schema":{"type":"string"}}],"responses":{"200":{"description":"OK","content":{"*/*":{"schema":{"$ref":"#/components/schemas/ApiResponseListBuildingResponse"}}}}}}},"/api/users/myinfo":{"get":{"tags":["user-controller"],"operationId":"getMyInfo","responses":{"200":{"description":"OK","content":{"*/*":{"schema":{"$ref":"#/components/schemas/ApiResponseUserResponse"}}}}}}},"/staffBuilding/{id}":{"delete":{"tags":["staff-building-controller"],"operationId":"deleteRoom","parameters":[{"name":"id","in":"path","required":true,"schema":{"type":"string"}}],"responses":{"200":{"description":"OK","content":{"*/*":{"schema":{"$ref":"#/components/schemas/ApiResponseVoid"}}}}}}}},"components":{"schemas":{"UpdateSlotRequest":{"type":"object","properties":{"description":{"type":"string"}}},"ApiResponseSlotResponse":{"type":"object","properties":{"code":{"type":"integer","format":"int32"},"message":{"type":"string"},"data":{"$ref":"#/components/schemas/SlotResponse"}}},"SlotResponse":{"type":"object","properties":{"slot_id":{"type":"string"},"description":{"type":"string"}}},"UpdateServiceRequest":{"type":"object","properties":{"name":{"type":"string"},"fee":{"type":"number","format":"double"},"price":{"type":"number","format":"double"},"description":{"type":"string"}}},"ApiResponseServiceResponse":{"type":"object","properties":{"code":{"type":"integer","format":"int32"},"message":{"type":"string"},"data":{"$ref":"#/components/schemas/ServiceResponse"}}},"ServiceResponse":{"type":"object","properties":{"service_id":{"type":"string"},"name":{"type":"string"},"fee":{"type":"number","format":"double"},"description":{"type":"string"},"price":{"type":"number","format":"double"}}},"UpdateRoomRequest":{"type":"object","properties":{"name":{"type":"string"},"capacity":{"type":"integer","format":"int32"},"availability":{"type":"string"},"price":{"type":"number","format":"double"},"description":{"type":"string"},"available_Date":{"type":"string","format":"date"}}},"ApiResponseRoomResponse":{"type":"object","properties":{"code":{"type":"integer","format":"int32"},"message":{"type":"string"},"data":{"$ref":"#/components/schemas/RoomResponse"}}},"RoomResponse":{"type":"object","properties":{"room_id":{"type":"string"},"building_id":{"type":"string"},"name":{"type":"string"},"capacity":{"type":"integer","format":"int32"},"availability":{"type":"string"},"price":{"type":"number","format":"double"},"type_id":{"type":"string"},"description":{"type":"string"},"available_Date":{"type":"string","format":"date"}}},"UpdateBuildingRequest":{"type":"object","properties":{"name":{"type":"string"},"address":{"type":"string"},"description":{"type":"string"},"location":{"type":"string"}}},"ApiResponseBuildingResponse":{"type":"object","properties":{"code":{"type":"integer","format":"int32"},"message":{"type":"string"},"data":{"$ref":"#/components/schemas/BuildingResponse"}}},"BuildingResponse":{"type":"object","properties":{"building_id":{"type":"string"},"name":{"type":"string"},"address":{"type":"string"},"description":{"type":"string"},"location":{"type":"string"}}},"UserUpdateRequest":{"type":"object","properties":{"name":{"type":"string"},"password":{"type":"string"},"phone":{"type":"string"},"email":{"type":"string"}}},"ApiResponseUserResponse":{"type":"object","properties":{"code":{"type":"integer","format":"int32"},"message":{"type":"string"},"data":{"$ref":"#/components/schemas/UserResponse"}}},"UserResponse":{"type":"object","properties":{"name":{"type":"string"},"username":{"type":"string"},"phone":{"type":"string"},"email":{"type":"string"}}},"StaffBuildingRequest":{"type":"object","properties":{"name":{"type":"string"},"username":{"type":"string"},"start_date":{"type":"string","format":"date"},"end_date":{"type":"string","format":"date"}}},"ApiResponseStaffBuildingResponse":{"type":"object","properties":{"code":{"type":"integer","format":"int32"},"message":{"type":"string"},"data":{"$ref":"#/components/schemas/StaffBuildingResponse"}}},"StaffBuildingResponse":{"type":"object","properties":{"staff_building_id":{"type":"string"},"building_id":{"type":"string"},"userid_id":{"type":"string"},"start_date":{"type":"string","format":"date"},"end_date":{"type":"string","format":"date"}}},"CreateSlotRequest":{"type":"object","properties":{"slot_id":{"type":"string"},"description":{"type":"string"}}},"CreateServiceRequest":{"type":"object","properties":{"name":{"type":"string"},"fee":{"type":"number","format":"double"},"description":{"type":"string"},"price":{"type":"number","format":"double"}}},"CreateRoomRequest":{"type":"object","properties":{"building_name":{"type":"string"},"name":{"type":"string"},"capacity":{"type":"integer","format":"int32"},"availability":{"type":"string"},"price":{"type":"number","format":"double"},"type_name":{"type":"string"},"description":{"type":"string"},"available_Date":{"type":"string","format":"date"}}},"AddServiceRequest":{"type":"object","properties":{"service_name":{"type":"string"}}},"ApiResponseVoid":{"type":"object","properties":{"code":{"type":"integer","format":"int32"},"message":{"type":"string"},"data":{"type":"object"}}},"CreateRoomTypeRequest":{"type":"object","properties":{"name":{"type":"string"}}},"ApiResponseRoomTypeResponse":{"type":"object","properties":{"code":{"type":"integer","format":"int32"},"message":{"type":"string"},"data":{"$ref":"#/components/schemas/RoomTypeResponse"}}},"RoomTypeResponse":{"type":"object","properties":{"type_id":{"type":"string"},"name":{"type":"string"}}},"CreateBuildingRequest":{"type":"object","properties":{"name":{"type":"string"},"address":{"type":"string"},"description":{"type":"string"},"location":{"type":"string"}}},"UserCreationRequest":{"type":"object","properties":{"name":{"type":"string"},"username":{"maxLength":2147483647,"minLength":3,"type":"string"},"password":{"maxLength":2147483647,"minLength":8,"type":"string"},"phone":{"type":"string"},"email":{"type":"string"}}},"RoleRequest":{"type":"object","properties":{"roleName":{"type":"string"}}},"ApiResponseRole":{"type":"object","properties":{"code":{"type":"integer","format":"int32"},"message":{"type":"string"},"data":{"$ref":"#/components/schemas/Role"}}},"Booking":{"type":"object","properties":{"booking_id":{"type":"string"},"user_id":{"$ref":"#/components/schemas/User"},"booking_date":{"type":"string","format":"date"},"total":{"type":"number","format":"double"},"bookingDetails":{"type":"array","items":{"$ref":"#/components/schemas/BookingDetail"}},"transaction":{"type":"array","items":{"$ref":"#/components/schemas/Transaction"}},"slots":{"type":"array","items":{"$ref":"#/components/schemas/Slot"}}}},"BookingDetail":{"type":"object","properties":{"booking_detail_id":{"type":"string"},"room_id":{"$ref":"#/components/schemas/Room"},"booking_id":{"$ref":"#/components/schemas/Booking"},"booking_type":{"type":"string"},"service_id":{"$ref":"#/components/schemas/Service"},"quantity":{"type":"integer","format":"int32"},"total_price":{"type":"number","format":"double"},"timestamp":{"type":"string","format":"date-time"},"status":{"type":"string"},"start_time":{"type":"string","format":"date"},"end_time":{"type":"string","format":"date"}}},"Building":{"type":"object","properties":{"building_id":{"type":"string"},"name":{"type":"string"},"address":{"type":"string"},"description":{"type":"string"},"location":{"type":"string"},"rooms":{"type":"array","items":{"$ref":"#/components/schemas/Room"}}}},"Role":{"type":"object","properties":{"role_id":{"type":"string"},"roleName":{"type":"string"},"users":{"type":"array","items":{"$ref":"#/components/schemas/User"}}}},"Room":{"type":"object","properties":{"room_id":{"type":"string"},"name":{"type":"string"},"capacity":{"type":"integer","format":"int32"},"availability":{"type":"string"},"price":{"type":"number","format":"double"},"description":{"type":"string"},"available_Date":{"type":"string","format":"date"},"bookingDetails":{"type":"array","items":{"$ref":"#/components/schemas/BookingDetail"}},"building":{"$ref":"#/components/schemas/Building"},"roomType":{"$ref":"#/components/schemas/Room_Type"},"services":{"type":"array","items":{"$ref":"#/components/schemas/Service"}},"slots":{"type":"array","items":{"$ref":"#/components/schemas/Slot"}}}},"Room_Type":{"type":"object","properties":{"type_id":{"type":"string"},"name":{"type":"string"},"rooms":{"type":"array","items":{"$ref":"#/components/schemas/Room"}}}},"Service":{"type":"object","properties":{"service_id":{"type":"string"},"name":{"type":"string"},"fee":{"type":"number","format":"double"},"description":{"type":"string"},"price":{"type":"number","format":"double"},"rooms":{"type":"array","items":{"$ref":"#/components/schemas/Room"}},"bookingDetails":{"type":"array","items":{"$ref":"#/components/schemas/BookingDetail"}}}},"Slot":{"type":"object","properties":{"slot_id":{"type":"string"},"description":{"type":"string"},"rooms":{"type":"array","items":{"$ref":"#/components/schemas/Room"}},"bookings":{"type":"array","items":{"$ref":"#/components/schemas/Booking"}}}},"Transaction":{"type":"object","properties":{"transaction_id":{"type":"string"},"user_id":{"$ref":"#/components/schemas/User"},"booking_id":{"$ref":"#/components/schemas/Booking"},"transactionDetails":{"type":"array","items":{"$ref":"#/components/schemas/TransactionDetail"}}}},"TransactionDetail":{"type":"object","properties":{"transaction_detail_id":{"type":"string"},"transaction_id":{"$ref":"#/components/schemas/Transaction"},"transaction_type":{"type":"string"},"description":{"type":"string"},"amount":{"type":"number","format":"double"},"bank_name":{"type":"string"},"bank_account_number":{"type":"string"},"payment_status":{"type":"string"},"transaction_date":{"type":"string","format":"date-time"}}},"User":{"type":"object","properties":{"userid_id":{"type":"string"},"name":{"type":"string"},"username":{"type":"string"},"password":{"type":"string"},"phone":{"type":"string"},"email":{"type":"string"},"role_id":{"$ref":"#/components/schemas/Role"},"transaction":{"type":"array","items":{"$ref":"#/components/schemas/Transaction"}},"bookings":{"type":"array","items":{"$ref":"#/components/schemas/Booking"}},"vip":{"type":"string"}}},"LogoutRequest":{"type":"object","properties":{"token":{"type":"string"}}},"AuthenticationRequest":{"type":"object","properties":{"username":{"type":"string"},"password":{"type":"string"}}},"ApiResponseAuthenticationResponse":{"type":"object","properties":{"code":{"type":"integer","format":"int32"},"message":{"type":"string"},"data":{"$ref":"#/components/schemas/AuthenticationResponse"}}},"AuthenticationResponse":{"type":"object","properties":{"token":{"type":"string"},"authenticated":{"type":"boolean"}}},"IntrospectRequest":{"type":"object","properties":{"token":{"type":"string"}}},"ApiResponseIntrospectResponse":{"type":"object","properties":{"code":{"type":"integer","format":"int32"},"message":{"type":"string"},"data":{"$ref":"#/components/schemas/IntrospectResponse"}}},"IntrospectResponse":{"type":"object","properties":{"valid":{"type":"boolean"}}},"ApiResponseListStaffBuildingResponse":{"type":"object","properties":{"code":{"type":"integer","format":"int32"},"message":{"type":"string"},"data":{"type":"array","items":{"$ref":"#/components/schemas/StaffBuildingResponse"}}}},"ApiResponseListSlotResponse":{"type":"object","properties":{"code":{"type":"integer","format":"int32"},"message":{"type":"string"},"data":{"type":"array","items":{"$ref":"#/components/schemas/SlotResponse"}}}},"ApiResponseSlot":{"type":"object","properties":{"code":{"type":"integer","format":"int32"},"message":{"type":"string"},"data":{"$ref":"#/components/schemas/Slot"}}},"ApiResponseListServiceResponse":{"type":"object","properties":{"code":{"type":"integer","format":"int32"},"message":{"type":"string"},"data":{"type":"array","items":{"$ref":"#/components/schemas/ServiceResponse"}}}},"ApiResponseListRoomResponse":{"type":"object","properties":{"code":{"type":"integer","format":"int32"},"message":{"type":"string"},"data":{"type":"array","items":{"$ref":"#/components/schemas/RoomResponse"}}}},"ApiResponseListRoomTypeResponse":{"type":"object","properties":{"code":{"type":"integer","format":"int32"},"message":{"type":"string"},"data":{"type":"array","items":{"$ref":"#/components/schemas/RoomTypeResponse"}}}},"ApiResponseListBuildingResponse":{"type":"object","properties":{"code":{"type":"integer","format":"int32"},"message":{"type":"string"},"data":{"type":"array","items":{"$ref":"#/components/schemas/BuildingResponse"}}}},"ApiResponseListUserResponse":{"type":"object","properties":{"code":{"type":"integer","format":"int32"},"message":{"type":"string"},"data":{"type":"array","items":{"$ref":"#/components/schemas/UserResponse"}}}},"ApiResponseString":{"type":"object","properties":{"code":{"type":"integer","format":"int32"},"message":{"type":"string"},"data":{"type":"string"}}}}}}